,Year,Engine Size,Mileage,Fuel Type,Price,mileage_kmpl,engine_cc,mileage_num
0,2015,3.9,74.176,Petrol,30246.20793120509,74.176,3900.0,74.176
1,2014,1.7,94.799,Electric,22785.747684331356,94.799,1700.0,94.799
2,2006,4.1,98.385,Electric,25760.290347165286,98.385,4100.0,98.385
3,2015,2.6,88.919,Electric,25638.00349070714,88.919,2600.0,88.919
4,2004,3.4,138.482,Petrol,21021.386657394465,138.482,3400.0,138.482
5,2015,2.7,81.462,Electric,25509.93287629353,81.462,2700.0,81.462
7,2018,2.0,165.32,Electric,27783.73788099169,165.32,2000.0,165.32
8,2004,4.4,31.159,Electric,27392.17842052496,31.159,4400.0,31.159
9,2006,4.4,42.039,Electric,28434.53362361644,42.039,4400.0,42.039
10,2018,2.1,47.8,Electric,29404.954005061834,47.8,2100.0,47.8
12,2004,4.0,94.626,Petrol,25205.003959368507,94.626,4000.0,94.626
13,2016,3.1,118.368,Diesel,27796.075501353043,118.368,3100.0,118.368
14,2021,1.1,174.735,Diesel,23521.88168354501,174.735,1100.0,174.735
15,2007,4.2,80.903,Petrol,26493.183231202293,80.903,4200.0,80.903
17,2001,4.0,118.998,Petrol,21122.1891416249,118.998,4000.0,118.998
18,2014,3.9,166.439,Petrol,21853.33258714576,166.439,3900.0,166.439
21,2010,2.0,51.444,Electric,23469.161589430896,51.444,2000.0,51.444
22,2009,2.2,165.341,Diesel,20093.070808766803,165.341,2200.0,165.341
23,2003,2.1,61.748,Electric,18920.31855483959,61.748,2100.0,61.748
24,2004,1.1,41.19,Diesel,20152.09690167459,41.19,1100.0,41.19
25,2003,3.0,40.318,Electric,21520.12291774841,40.318,3000.0,40.318
26,2012,3.4,168.09,Petrol,23293.130308719145,168.09,3400.0,168.09
27,2012,4.0,124.078,Petrol,23633.389547739884,124.078,4000.0,124.078
28,2017,1.5,39.759,Petrol,29288.89578862573,39.759,1500.0,39.759
29,2001,2.9,16.498,Electric,25839.54216182566,16.498,2900.0,16.498
30,2015,1.0,25.989,Diesel,25546.588800832757,25.989,1000.0,25.989
32,2018,1.2,117.035,Diesel,22788.321295955186,117.035,1200.0,117.035
33,2008,3.5,66.577,Petrol,27694.611928539816,66.577,3500.0,66.577
35,2006,3.5,161.171,Diesel,22519.39025009384,161.171,3500.0,161.171
36,2009,1.9,89.9,Electric,19181.81635933002,89.9,1900.0,89.9
38,2009,3.8,104.679,Petrol,23648.417357426908,104.679,3800.0,104.679
40,2008,4.1,69.212,Diesel,28849.579398883176,69.212,4100.0,69.212
41,2014,4.3,186.333,Diesel,25844.62473356537,186.333,4300.0,186.333
42,2014,4.0,30.048,Diesel,31479.64694321859,30.048,4000.0,30.048
45,2008,2.0,35.814,Diesel,26785.398168634143,35.814,2000.0,35.814
46,2021,1.7,190.766,Diesel,28722.71774326649,190.766,1700.0,190.766
47,2008,3.1,147.996,Petrol,20951.40955857868,147.996,3100.0,147.996
48,2006,2.8,129.493,Diesel,19794.718978131823,129.493,2800.0,129.493
49,2011,4.0,60.204,Electric,30130.309562576305,60.204,4000.0,60.204
50,2008,4.3,32.844,Electric,29445.48311355711,32.844,4300.0,32.844
51,2005,2.4,81.943,Diesel,24753.59681452641,81.943,2400.0,81.943
52,2001,2.8,21.518,Petrol,22407.72268350372,21.518,2800.0,21.518
53,2008,4.4,148.131,Petrol,23895.75456201794,148.131,4400.0,148.131
54,2016,2.0,23.052,Petrol,31599.826148544693,23.052,2000.0,23.052
55,2000,3.8,69.803,Diesel,23726.57862526377,69.803,3800.0,69.803
56,2018,1.8,71.524,Diesel,30346.215343516054,71.524,1800.0,71.524
57,2005,3.4,89.572,Electric,22948.26789714067,89.572,3400.0,89.572
58,2004,1.9,139.752,Petrol,20338.96900473741,139.752,1900.0,139.752
59,2001,4.1,67.021,Diesel,21021.26925344609,67.021,4100.0,67.021
60,2008,3.0,20.043,Diesel,24750.239377055197,20.043,3000.0,20.043
61,2013,1.7,2.419,Diesel,31337.129832918512,2.419,1700.0,2.419
63,2003,2.7,121.831,Petrol,21650.08173175999,121.831,2700.0,121.831
65,2014,3.7,148.212,Petrol,25975.3181829386,148.212,3700.0,148.212
68,2015,2.9,176.282,Petrol,26209.114472633504,176.282,2900.0,176.282
70,2003,3.7,116.467,Petrol,23440.80639148045,116.467,3700.0,116.467
71,2015,2.1,78.497,Petrol,28083.89791878724,78.497,2100.0,78.497
72,2021,3.5,108.611,Diesel,29044.03396667674,108.611,3500.0,108.611
73,2011,3.3,137.559,Petrol,25936.31066350544,137.559,3300.0,137.559
74,2015,4.4,60.692,Diesel,31637.942553880304,60.692,4400.0,60.692
76,2007,3.8,162.182,Diesel,26186.290378010654,162.182,3800.0,162.182
77,2005,3.5,16.36,Electric,28876.60673366304,16.36,3500.0,16.36
79,2004,4.0,83.038,Petrol,24977.176126019443,83.038,4000.0,83.038
81,2009,2.0,86.261,Petrol,26559.13630867799,86.261,2000.0,86.261
82,2009,2.3,191.196,Diesel,18619.12116092821,191.196,2300.0,191.196
83,2006,3.9,182.021,Petrol,25114.947306661936,182.021,3900.0,182.021
84,2017,1.5,189.34,Electric,18439.53460515992,189.34,1500.0,189.34
85,2000,2.6,66.32,Electric,20819.294492658613,66.32,2600.0,66.32
86,2006,2.7,31.127,Petrol,24317.93911560689,31.127,2700.0,31.127
87,2020,1.1,134.268,Petrol,23496.94278916075,134.268,1100.0,134.268
89,2014,3.9,172.372,Electric,23758.786640002247,172.372,3900.0,172.372
90,2003,3.9,180.786,Diesel,22721.04360997124,180.786,3900.0,180.786
92,2009,4.1,4.746,Diesel,32267.989022928246,4.746,4100.0,4.746
93,2008,3.7,68.535,Electric,26024.54621022126,68.535,3700.0,68.535
94,2001,2.5,65.35,Petrol,19866.033914444622,65.35,2500.0,65.35
95,2013,3.6,181.417,Petrol,25112.76748295554,181.417,3600.0,181.417
96,2015,4.4,180.292,Electric,26885.701902472352,180.292,4400.0,180.292
97,2000,2.6,81.131,Petrol,19853.79809280083,81.131,2600.0,81.131
98,2001,1.8,22.063,Diesel,23079.23601460086,22.063,1800.0,22.063
99,2006,4.3,117.116,Electric,26526.341081820985,117.116,4300.0,117.116
100,2009,3.1,88.913,Electric,24946.26993994605,88.913,3100.0,88.913
101,2021,1.4,78.946,Petrol,26778.048174623844,78.946,1400.0,78.946
102,2019,3.0,177.043,Electric,23005.61866634597,177.043,3000.0,177.043
103,2000,2.8,134.67,Petrol,18367.763348682925,134.67,2800.0,134.67
105,2000,2.9,49.725,Electric,20092.42346009751,49.725,2900.0,49.725
106,2004,1.9,86.134,Petrol,22692.238162068115,86.134,1900.0,86.134
107,2015,3.4,105.94,Diesel,26651.88768130642,105.94,3400.0,105.94
108,2014,2.9,191.012,Diesel,21301.336928173827,191.012,2900.0,191.012
109,2016,1.8,62.085,Petrol,29325.596960235664,62.085,1800.0,62.085
110,2015,3.0,17.862,Diesel,31096.38368667561,17.862,3000.0,17.862
112,2010,1.1,140.777,Diesel,19619.33951242473,140.777,1100.0,140.777
113,2016,3.2,186.351,Electric,22734.554676473184,186.351,3200.0,186.351
114,2016,2.2,62.471,Petrol,30066.6451118404,62.471,2200.0,62.471
115,2001,2.0,91.08,Petrol,18822.83562553442,91.08,2000.0,91.08
117,2013,2.2,55.828,Petrol,25323.63196173479,55.828,2200.0,55.828
118,2010,3.9,116.884,Petrol,19722.494305080218,116.884,3900.0,116.884
119,2009,2.0,108.007,Petrol,22203.63406434929,108.007,2000.0,108.007
120,2002,3.6,46.104,Electric,27502.93292669767,46.104,3600.0,46.104
121,2016,1.3,40.934,Electric,25459.000344440086,40.934,1300.0,40.934
122,2014,4.3,114.42,Diesel,30050.07651667699,114.42,4300.0,114.42
123,2008,3.2,6.05,Petrol,29958.63476812381,6.05,3200.0,6.05
124,2009,3.5,175.024,Diesel,20245.044948824983,175.024,3500.0,175.024
125,2007,2.0,8.484,Diesel,29148.868312636343,8.484,2000.0,8.484
126,2020,2.4,62.648,Electric,30122.279119550163,62.648,2400.0,62.648
127,2012,1.8,59.945,Diesel,29623.28675967311,59.945,1800.0,59.945
128,2017,4.3,184.75,Electric,23591.142061999555,184.75,4300.0,184.75
129,2004,2.7,31.323,Diesel,24295.578896817515,31.323,2700.0,31.323
130,2005,3.2,86.332,Petrol,23282.89595196669,86.332,3200.0,86.332
131,2016,3.6,94.605,Diesel,29388.52395735864,94.605,3600.0,94.605
132,2010,2.3,166.433,Electric,21711.01196857656,166.433,2300.0,166.433
134,2015,3.4,47.968,Electric,31811.732307069517,47.968,3400.0,47.968
135,2008,3.5,157.591,Diesel,22168.93048525096,157.591,3500.0,157.591
136,2001,2.7,9.107,Diesel,22252.25095286496,9.107,2700.0,9.107
137,2004,2.3,55.781,Electric,19030.73705469249,55.781,2300.0,55.781
138,2000,1.8,3.869,Petrol,24747.071662736176,3.869,1800.0,3.869
139,2003,3.9,80.983,Petrol,23157.28168816858,80.983,3900.0,80.983
140,2003,3.1,158.442,Diesel,23986.216706491232,158.442,3100.0,158.442
141,2021,2.6,193.767,Diesel,26748.073236771117,193.767,2600.0,193.767
142,2002,4.3,191.494,Electric,19708.418946895927,191.494,4300.0,191.494
143,2008,1.2,7.971,Diesel,25789.70779178422,7.971,1200.0,7.971
145,2011,4.5,25.651,Electric,30828.316109272462,25.651,4500.0,25.651
146,2009,4.1,56.974,Electric,25348.2945923593,56.974,4100.0,56.974
147,2001,3.8,23.446,Diesel,24826.32974696832,23.446,3800.0,23.446
148,2010,2.3,169.18,Petrol,20104.287551612528,169.18,2300.0,169.18
149,2009,1.8,3.823,Diesel,25613.21539754382,3.823,1800.0,3.823
150,2021,3.6,144.526,Petrol,26901.532900080103,144.526,3600.0,144.526
152,2017,1.6,141.292,Petrol,25706.864933945883,141.292,1600.0,141.292
153,2001,3.8,67.965,Electric,25198.14156878829,67.965,3800.0,67.965
156,2015,3.9,175.117,Diesel,23280.283064811338,175.117,3900.0,175.117
157,2011,4.0,141.609,Electric,23828.70041649039,141.609,4000.0,141.609
158,2000,3.7,105.935,Electric,21725.28014875638,105.935,3700.0,105.935
159,2020,4.1,69.134,Diesel,31734.282338134355,69.134,4100.0,69.134
160,2007,3.8,72.254,Diesel,26704.09649617642,72.254,3800.0,72.254
161,2015,3.1,144.854,Petrol,22932.250811894453,144.854,3100.0,144.854
162,2017,2.0,114.78,Diesel,22461.774141132773,114.78,2000.0,114.78
163,2012,4.1,125.544,Diesel,28394.957512089757,125.544,4100.0,125.544
165,2020,2.7,82.238,Petrol,29026.458012185118,82.238,2700.0,82.238
166,2011,1.1,75.72,Petrol,19873.07483505823,75.72,1100.0,75.72
167,2007,3.2,78.004,Diesel,20583.0556219742,78.004,3200.0,78.004
168,2009,1.2,22.072,Electric,28480.40029906886,22.072,1200.0,22.072
169,2013,4.2,81.015,Electric,30072.03170700992,81.015,4200.0,81.015
170,2004,4.4,72.746,Electric,24946.713405663508,72.746,4400.0,72.746
171,2017,1.7,176.774,Electric,21333.476872345043,176.774,1700.0,176.774
172,2018,3.4,102.26,Diesel,25860.335499702134,102.26,3400.0,102.26
173,2014,1.3,137.129,Electric,22983.346947532464,137.129,1300.0,137.129
174,2005,3.6,128.259,Petrol,26287.265383770668,128.259,3600.0,128.259
175,2010,2.2,30.916,Petrol,25288.685982241248,30.916,2200.0,30.916
177,2010,2.3,175.05,Electric,19614.6902010778,175.05,2300.0,175.05
179,2019,2.4,184.655,Electric,24681.69208859138,184.655,2400.0,184.655
180,2020,1.4,79.4,Electric,28442.26237800999,79.4,1400.0,79.4
182,2017,1.1,111.581,Electric,25686.357877203704,111.581,1100.0,111.581
183,2009,2.8,7.043,Diesel,29497.54615666564,7.043,2800.0,7.043
185,2008,3.9,107.009,Electric,22435.13286828753,107.009,3900.0,107.009
187,2018,4.2,171.714,Diesel,30749.866610742483,171.714,4200.0,171.714
188,2009,1.4,161.94,Petrol,18459.902134492582,161.94,1400.0,161.94
189,2003,1.5,26.309,Diesel,21001.94072224211,26.309,1500.0,26.309
190,2005,2.9,23.284,Electric,22457.45922165679,23.284,2900.0,23.284
191,2013,4.1,126.801,Electric,25792.77988503244,126.801,4100.0,126.801
192,2003,4.4,113.259,Diesel,23899.012258394072,113.259,4400.0,113.259
193,2014,1.2,100.804,Petrol,21646.88669550848,100.804,1200.0,100.804
194,2015,2.2,69.0,Diesel,25521.107459205068,69.0,2200.0,69.0
195,2006,1.7,84.179,Diesel,21088.81547304672,84.179,1700.0,84.179
196,2016,3.6,193.179,Electric,27437.87334024478,193.179,3600.0,193.179
198,2018,1.4,29.265,Diesel,29908.493570740236,29.265,1400.0,29.265
199,2016,2.7,23.88,Petrol,31582.972761520843,23.88,2700.0,23.88
200,2005,3.4,84.579,Petrol,25173.40340471428,84.579,3400.0,84.579
201,2010,3.7,131.327,Diesel,24613.38684843462,131.327,3700.0,131.327
202,2015,1.1,132.574,Petrol,21249.13676464303,132.574,1100.0,132.574
203,2007,4.1,65.424,Electric,28905.18791851654,65.424,4100.0,65.424
204,2010,3.0,70.966,Electric,26000.90943567536,70.966,3000.0,70.966
205,2006,3.8,172.438,Electric,18600.90519506473,172.438,3800.0,172.438
206,2021,3.8,158.497,Electric,32061.750020259577,158.497,3800.0,158.497
207,2018,1.7,183.4,Petrol,18490.145409903835,183.4,1700.0,183.4
208,2009,1.4,67.396,Electric,25966.84564913463,67.396,1400.0,67.396
209,2008,3.5,71.694,Diesel,27428.21049301553,71.694,3500.0,71.694
212,2012,3.5,56.731,Diesel,28305.723198605465,56.731,3500.0,56.731
213,2001,3.9,75.01,Electric,25164.951456710096,75.01,3900.0,75.01
214,2001,2.0,32.599,Electric,23445.91250499211,32.599,2000.0,32.599
215,2015,2.1,71.326,Petrol,28056.427042160187,71.326,2100.0,71.326
216,2008,3.3,75.706,Diesel,27307.46616196713,75.706,3300.0,75.706
217,2012,1.1,9.004,Electric,26520.13514982756,9.004,1100.0,9.004
218,2002,3.5,115.018,Petrol,24772.45019038796,115.018,3500.0,115.018
219,2008,3.9,182.436,Electric,24125.41376691525,182.436,3900.0,182.436
220,2012,2.5,25.792,Electric,27756.38856335729,25.792,2500.0,25.792
221,2020,3.7,195.984,Electric,28222.52343206645,195.984,3700.0,195.984
222,2021,1.6,54.645,Diesel,31414.914571820114,54.645,1600.0,54.645
223,2001,2.1,7.232,Electric,22818.87668942465,7.232,2100.0,7.232
224,2007,4.4,54.766,Petrol,27885.18671150585,54.766,4400.0,54.766
225,2008,4.5,120.601,Electric,28398.966023555608,120.601,4500.0,120.601
226,2015,2.8,81.588,Electric,27991.21249394888,81.588,2800.0,81.588
227,2001,4.3,179.614,Petrol,19639.643780672908,179.614,4300.0,179.614
228,2005,2.8,5.913,Petrol,29606.55813092816,5.913,2800.0,5.913
230,2007,1.9,113.693,Diesel,19562.10010603887,113.693,1900.0,113.693
231,2004,4.3,93.449,Diesel,24485.749498157784,93.449,4300.0,93.449
232,2008,1.6,10.567,Diesel,25819.65802388573,10.567,1600.0,10.567
233,2000,3.0,38.379,Petrol,23274.52286547603,38.379,3000.0,38.379
234,2008,2.9,0.319,Electric,29536.759777223782,0.319,2900.0,0.319
235,2009,3.6,90.005,Electric,25219.392983726,90.005,3600.0,90.005
237,2002,2.0,4.791,Diesel,27268.100489699496,4.791,2000.0,4.791
238,2009,1.6,131.401,Petrol,21354.115001607566,131.401,1600.0,131.401
239,2014,3.2,61.032,Petrol,28511.328533321022,61.032,3200.0,61.032
240,2010,3.5,175.15,Petrol,23116.726015841465,175.15,3500.0,175.15
241,2013,3.0,88.662,Electric,30732.80105190751,88.662,3000.0,88.662
242,2005,3.6,21.3,Diesel,26058.956762448688,21.3,3600.0,21.3
243,2011,1.5,75.7,Petrol,24137.28042615392,75.7,1500.0,75.7
244,2012,4.1,182.017,Diesel,21319.42051819694,182.017,4100.0,182.017
245,2016,3.0,55.609,Petrol,29982.86675225236,55.609,3000.0,55.609
246,2015,1.4,191.634,Diesel,20951.490772229117,191.634,1400.0,191.634
247,2002,2.6,90.045,Petrol,18468.303488089983,90.045,2600.0,90.045
248,2001,4.0,61.901,Diesel,24030.54726178305,61.901,4000.0,61.901
250,2008,1.9,63.115,Petrol,24822.650264465177,63.115,1900.0,63.115
251,2002,3.5,27.676,Diesel,23300.93663814228,27.676,3500.0,27.676
252,2017,1.3,192.782,Diesel,21208.44974980448,192.782,1300.0,192.782
253,2019,1.1,191.149,Electric,22259.987674374755,191.149,1100.0,191.149
254,2014,3.0,121.332,Diesel,26149.371033372063,121.332,3000.0,121.332
255,2013,3.4,176.512,Petrol,25653.078618633383,176.512,3400.0,176.512
257,2016,2.2,29.802,Diesel,30734.868925583025,29.802,2200.0,29.802
258,2021,1.0,90.331,Electric,24653.04942589353,90.331,1000.0,90.331
261,2017,1.3,124.786,Petrol,23901.824940859657,124.786,1300.0,124.786
262,2018,2.1,65.169,Electric,28014.714857767805,65.169,2100.0,65.169
263,2007,2.5,68.147,Diesel,21962.337971809284,68.147,2500.0,68.147
264,2007,2.0,22.075,Petrol,27050.454763526683,22.075,2000.0,22.075
265,2002,3.0,82.015,Petrol,18883.221254734344,82.015,3000.0,82.015
266,2002,1.2,9.304,Petrol,23920.55493637738,9.304,1200.0,9.304
267,2011,1.5,129.851,Diesel,21909.44474086523,129.851,1500.0,129.851
268,2021,3.4,120.729,Diesel,27347.9672239703,120.729,3400.0,120.729
269,2016,1.5,59.622,Electric,27270.82282975728,59.622,1500.0,59.622
270,2003,3.2,54.215,Petrol,29496.699750732703,54.215,3200.0,54.215
271,2016,1.2,73.973,Petrol,28080.18656892695,73.973,1200.0,73.973
272,2013,2.4,108.654,Electric,23211.24564162468,108.654,2400.0,108.654
273,2018,1.6,143.593,Petrol,25453.761364477417,143.593,1600.0,143.593
274,2008,1.4,24.028,Electric,21766.77374092624,24.028,1400.0,24.028
275,2020,3.0,39.328,Electric,30290.971647787752,39.328,3000.0,39.328
276,2011,4.2,27.301,Petrol,31400.338660064568,27.301,4200.0,27.301
277,2004,1.2,38.015,Diesel,22602.55453715815,38.015,1200.0,38.015
278,2010,2.5,36.845,Diesel,28780.41063784284,36.845,2500.0,36.845
280,2002,2.6,76.394,Diesel,22369.8002250704,76.394,2600.0,76.394
281,2020,3.8,175.231,Petrol,24610.4677458078,175.231,3800.0,175.231
282,2014,1.6,43.714,Electric,26892.43672970543,43.714,1600.0,43.714
283,2013,4.4,80.722,Electric,32201.26378326245,80.722,4400.0,80.722
284,2010,2.3,25.23,Petrol,28225.08185321485,25.23,2300.0,25.23
285,2019,2.2,92.554,Diesel,28636.512064114653,92.554,2200.0,92.554
286,2007,4.1,49.262,Electric,28895.35173382063,49.262,4100.0,49.262
287,2003,3.0,41.722,Petrol,25038.93975955444,41.722,3000.0,41.722
289,2007,3.5,62.796,Diesel,28669.982285270788,62.796,3500.0,62.796
290,2005,3.0,171.231,Petrol,18717.384185026425,171.231,3000.0,171.231
291,2014,1.6,87.052,Electric,26262.57291497112,87.052,1600.0,87.052
292,2011,3.4,100.808,Electric,21648.308989591565,100.808,3400.0,100.808
293,2015,1.5,136.311,Petrol,26006.433808281246,136.311,1500.0,136.311
294,2015,3.8,91.951,Electric,27189.626712454243,91.951,3800.0,91.951
296,2019,2.3,103.424,Electric,32167.2807744579,103.424,2300.0,103.424
297,2019,2.6,158.267,Diesel,23136.817961155077,158.267,2600.0,158.267
298,2003,1.2,104.697,Electric,19299.223372518383,104.697,1200.0,104.697
299,2010,1.0,96.299,Diesel,19150.62628419968,96.299,1000.0,96.299
300,2012,4.2,165.746,Diesel,23833.88792825096,165.746,4200.0,165.746
302,2003,2.6,160.811,Diesel,18555.311346758783,160.811,2600.0,160.811
303,2011,3.9,163.041,Electric,24797.223580858805,163.041,3900.0,163.041
304,2008,4.1,14.497,Electric,28071.968356653106,14.497,4100.0,14.497
305,2012,2.8,132.888,Diesel,24835.50280680622,132.888,2800.0,132.888
306,2015,3.0,118.915,Petrol,26146.03174701312,118.915,3000.0,118.915
307,2005,3.3,92.019,Diesel,19857.94423667752,92.019,3300.0,92.019
308,2009,4.4,190.326,Electric,21915.635472461978,190.326,4400.0,190.326
309,2012,3.1,109.017,Electric,29070.003706986696,109.017,3100.0,109.017
310,2006,3.0,69.385,Diesel,23730.18745759413,69.385,3000.0,69.385
311,2018,1.1,105.153,Diesel,21271.276377948187,105.153,1100.0,105.153
312,2018,1.3,33.826,Diesel,30537.63346549701,33.826,1300.0,33.826
313,2016,3.0,110.034,Electric,25643.27963058028,110.034,3000.0,110.034
314,2012,4.3,194.437,Electric,24307.00786082489,194.437,4300.0,194.437
315,2012,4.0,84.242,Electric,28443.927009183644,84.242,4000.0,84.242
317,2001,2.8,50.1,Electric,22252.433351071624,50.1,2800.0,50.1
318,2009,3.8,125.17,Electric,22552.321449320447,125.17,3800.0,125.17
319,2021,3.9,135.431,Petrol,29590.754791876352,135.431,3900.0,135.431
320,2012,3.3,96.205,Petrol,24332.19770190073,96.205,3300.0,96.205
321,2008,2.2,12.809,Petrol,26341.020576671184,12.809,2200.0,12.809
322,2000,2.6,64.45,Petrol,24517.081465674222,64.45,2600.0,64.45
324,2015,2.0,72.79,Petrol,30942.88100638817,72.79,2000.0,72.79
325,2019,4.2,111.126,Diesel,32302.20019179345,111.126,4200.0,111.126
326,2014,1.8,90.321,Diesel,25370.1504152862,90.321,1800.0,90.321
327,2000,3.6,2.093,Diesel,24098.76388335786,2.093,3600.0,2.093
328,2016,3.2,44.498,Diesel,31714.43557797456,44.498,3200.0,44.498
329,2012,3.6,116.251,Electric,26126.727438041304,116.251,3600.0,116.251
330,2014,2.5,40.985,Petrol,30508.00472928432,40.985,2500.0,40.985
331,2015,4.3,32.009,Electric,31255.0400424142,32.009,4300.0,32.009
332,2015,3.2,128.515,Petrol,26579.61490862016,128.515,3200.0,128.515
333,2001,2.0,17.718,Petrol,19467.105751971136,17.718,2000.0,17.718
335,2010,2.0,87.618,Diesel,24970.603763018407,87.618,2000.0,87.618
336,2007,2.0,62.598,Electric,20127.079816822334,62.598,2000.0,62.598
337,2019,2.4,77.878,Electric,26726.59549262799,77.878,2400.0,77.878
338,2002,4.0,12.239,Petrol,24796.089958704462,12.239,4000.0,12.239
339,2011,2.8,46.622,Petrol,27413.65008271336,46.622,2800.0,46.622
340,2019,3.4,46.665,Petrol,30171.780774339117,46.665,3400.0,46.665
342,2013,1.9,142.491,Electric,23047.755963016072,142.491,1900.0,142.491
343,2015,4.3,108.368,Electric,30879.67915946868,108.368,4300.0,108.368
344,2020,3.1,146.075,Diesel,24718.15422877333,146.075,3100.0,146.075
345,2016,4.3,161.938,Electric,30089.456171056445,161.938,4300.0,161.938
346,2010,1.7,153.06,Electric,21046.218880197124,153.06,1700.0,153.06
347,2016,1.5,186.966,Petrol,19287.00872024147,186.966,1500.0,186.966
348,2018,4.0,108.563,Diesel,27488.3141505904,108.563,4000.0,108.563
349,2021,3.4,136.746,Petrol,29310.445553862184,136.746,3400.0,136.746
351,2011,1.9,66.446,Petrol,24127.84632888608,66.446,1900.0,66.446
352,2014,3.8,29.072,Electric,30735.536007843533,29.072,3800.0,29.072
354,2013,3.3,157.723,Diesel,19012.699960941336,157.723,3300.0,157.723
355,2000,2.1,117.202,Petrol,20199.75558066418,117.202,2100.0,117.202
356,2012,2.3,175.363,Diesel,22828.08297743224,175.363,2300.0,175.363
357,2014,4.5,122.389,Electric,29301.92037659096,122.389,4500.0,122.389
358,2006,1.9,109.525,Electric,20035.57885909501,109.525,1900.0,109.525
359,2014,2.8,194.422,Electric,24045.001311107168,194.422,2800.0,194.422
361,2009,1.8,39.713,Diesel,24557.49103095305,39.713,1800.0,39.713
362,2013,2.5,67.936,Petrol,29380.6361357122,67.936,2500.0,67.936
363,2005,3.2,175.403,Electric,23316.64145009985,175.403,3200.0,175.403
364,2013,2.7,22.185,Diesel,27848.736353178723,22.185,2700.0,22.185
365,2021,2.6,84.263,Electric,31336.44862695357,84.263,2600.0,84.263
366,2011,2.3,52.107,Diesel,24321.86624424491,52.107,2300.0,52.107
367,2010,3.1,197.626,Diesel,21321.97936452172,197.626,3100.0,197.626
370,2018,1.2,15.701,Electric,29414.711196077504,15.701,1200.0,15.701
373,2019,2.9,181.203,Petrol,23773.84416177527,181.203,2900.0,181.203
374,2000,3.5,128.331,Electric,20953.134388211183,128.331,3500.0,128.331
375,2007,2.9,160.482,Diesel,19008.993116232603,160.482,2900.0,160.482
376,2013,4.0,99.28,Electric,30928.59508768628,99.28,4000.0,99.28
377,2008,4.3,189.787,Electric,25684.160897660648,189.787,4300.0,189.787
378,2001,1.6,38.665,Diesel,20240.93560425007,38.665,1600.0,38.665
379,2004,2.5,15.957,Electric,20813.969200477502,15.957,2500.0,15.957
381,2015,2.4,194.661,Petrol,26432.22264804351,194.661,2400.0,194.661
382,2021,1.4,46.008,Electric,28815.3716136206,46.008,1400.0,46.008
385,2019,2.8,113.828,Electric,27146.601288212063,113.828,2800.0,113.828
386,2014,3.3,123.852,Petrol,27965.77515400161,123.852,3300.0,123.852
389,2002,3.9,194.894,Petrol,18065.121117127102,194.894,3900.0,194.894
390,2005,2.6,164.714,Electric,20533.02019602912,164.714,2600.0,164.714
392,2013,1.8,32.356,Electric,29780.256125996588,32.356,1800.0,32.356
393,2003,3.6,3.809,Electric,26262.431889401723,3.809,3600.0,3.809
394,2017,1.5,174.443,Electric,23845.10840555782,174.443,1500.0,174.443
395,2014,3.4,34.875,Petrol,30013.57771506569,34.875,3400.0,34.875
396,2008,3.9,9.465,Diesel,30012.547540020983,9.465,3900.0,9.465
397,2017,1.8,197.167,Diesel,20886.395924753404,197.167,1800.0,197.167
398,2002,4.0,73.844,Electric,22311.592178104456,73.844,4000.0,73.844
401,2006,1.4,15.25,Diesel,22633.00091527371,15.25,1400.0,15.25
402,2014,3.3,46.023,Petrol,29759.370550849813,46.023,3300.0,46.023
404,2010,3.9,177.696,Electric,22401.890926595406,177.696,3900.0,177.696
405,2016,2.8,16.427,Petrol,30766.84411921527,16.427,2800.0,16.427
406,2004,1.5,164.348,Electric,18340.76773888485,164.348,1500.0,164.348
407,2006,3.0,71.643,Diesel,23236.84170280647,71.643,3000.0,71.643
408,2018,2.4,134.511,Electric,29503.558295522016,134.511,2400.0,134.511
409,2014,3.3,78.672,Petrol,30944.942798394204,78.672,3300.0,78.672
410,2002,4.1,17.3,Diesel,26386.106017011043,17.3,4100.0,17.3
411,2014,2.4,60.289,Electric,28425.17326959236,60.289,2400.0,60.289
412,2004,2.0,148.254,Diesel,18625.992659194268,148.254,2000.0,148.254
413,2011,1.1,181.984,Petrol,19284.01440751678,181.984,1100.0,181.984
414,2019,3.0,157.981,Electric,28481.88401544286,157.981,3000.0,157.981
415,2004,2.4,19.659,Electric,25190.31531302548,19.659,2400.0,19.659
417,2008,1.6,164.658,Electric,19248.87664902724,164.658,1600.0,164.658
418,2008,2.5,10.36,Electric,27008.987249084952,10.36,2500.0,10.36
419,2006,4.4,21.424,Electric,24150.39001597226,21.424,4400.0,21.424
420,2001,2.0,98.035,Electric,19378.806954119093,98.035,2000.0,98.035
421,2020,3.1,48.791,Petrol,31292.22989752252,48.791,3100.0,48.791
422,2015,3.7,134.137,Electric,26276.373846292627,134.137,3700.0,134.137
423,2008,3.6,199.867,Diesel,20218.692271633387,199.867,3600.0,199.867
424,2012,2.2,12.3,Petrol,25677.70591326012,12.3,2200.0,12.3
427,2016,1.1,20.927,Diesel,26399.21002822621,20.927,1100.0,20.927
428,2005,2.5,34.579,Petrol,24863.533650036403,34.579,2500.0,34.579
429,2003,1.8,9.032,Petrol,20268.0075647344,9.032,1800.0,9.032
430,2000,2.4,93.254,Petrol,19288.553556780807,93.254,2400.0,93.254
431,2017,2.5,78.413,Electric,29520.54782700672,78.413,2500.0,78.413
432,2018,3.6,171.803,Diesel,27220.34731923514,171.803,3600.0,171.803
433,2008,1.3,113.528,Petrol,21501.368415097284,113.528,1300.0,113.528
434,2012,2.8,184.839,Diesel,23688.754765104237,184.839,2800.0,184.839
435,2007,3.0,123.916,Petrol,22141.504545928503,123.916,3000.0,123.916
436,2012,2.7,72.302,Petrol,28975.798969017906,72.302,2700.0,72.302
437,2014,3.6,181.026,Petrol,23978.52966869796,181.026,3600.0,181.026
438,2010,2.3,85.757,Diesel,22913.228252901445,85.757,2300.0,85.757
439,2011,4.3,156.174,Electric,24505.79876320584,156.174,4300.0,156.174
440,2013,2.7,165.505,Petrol,23158.70517974332,165.505,2700.0,165.505
441,2003,3.0,15.932,Petrol,27873.75569634464,15.932,3000.0,15.932
442,2000,3.9,25.714,Petrol,25517.225709627583,25.714,3900.0,25.714
443,2003,2.0,57.803,Electric,20262.536256793614,57.803,2000.0,57.803
444,2018,1.3,170.815,Diesel,24947.77009364076,170.815,1300.0,170.815
445,2008,3.5,133.624,Diesel,20449.16697730669,133.624,3500.0,133.624
446,2009,2.7,56.627,Diesel,24734.23923104735,56.627,2700.0,56.627
447,2003,4.1,177.059,Diesel,21632.618756453976,177.059,4100.0,177.059
449,2008,2.4,45.38,Electric,26492.36252844079,45.38,2400.0,45.38
450,2012,2.5,160.322,Petrol,22483.67511632766,160.322,2500.0,160.322
451,2011,2.4,199.416,Electric,18747.46965961865,199.416,2400.0,199.416
452,2010,2.1,64.686,Diesel,26061.84231609852,64.686,2100.0,64.686
453,2011,3.7,120.321,Electric,26142.685342021625,120.321,3700.0,120.321
454,2017,3.7,45.028,Petrol,31139.53729197091,45.028,3700.0,45.028
455,2011,2.7,146.367,Petrol,21963.66246325903,146.367,2700.0,146.367
456,2015,1.2,113.141,Diesel,21508.05800663881,113.141,1200.0,113.141
457,2004,2.1,55.248,Petrol,22464.831228761654,55.248,2100.0,55.248
458,2019,2.0,10.523,Petrol,32297.5289460852,10.523,2000.0,10.523
460,2020,1.3,13.769,Petrol,29716.75574861876,13.769,1300.0,13.769
461,2010,3.8,194.114,Diesel,21532.746490393023,194.114,3800.0,194.114
462,2008,3.3,112.035,Diesel,26516.61264302641,112.035,3300.0,112.035
463,2017,3.6,175.717,Petrol,29524.328700915783,175.717,3600.0,175.717
465,2019,3.4,156.629,Electric,26961.423657103594,156.629,3400.0,156.629
466,2016,3.1,79.782,Electric,28264.86466545809,79.782,3100.0,79.782
467,2013,3.7,78.382,Petrol,25294.76637027943,78.382,3700.0,78.382
469,2016,2.7,181.78,Electric,23514.124847007217,181.78,2700.0,181.78
470,2007,3.3,182.429,Diesel,19616.57826797136,182.429,3300.0,182.429
471,2004,1.4,110.939,Petrol,19499.865947990053,110.939,1400.0,110.939
472,2004,2.5,144.542,Petrol,18382.494426341666,144.542,2500.0,144.542
473,2008,4.4,78.712,Diesel,26412.285406725583,78.712,4400.0,78.712
475,2018,2.1,107.417,Diesel,31839.68049094693,107.417,2100.0,107.417
476,2008,2.1,137.877,Diesel,19671.451665206947,137.877,2100.0,137.877
477,2021,3.2,128.256,Diesel,29764.97504269076,128.256,3200.0,128.256
478,2017,1.4,193.1,Diesel,22338.85116242536,193.1,1400.0,193.1
479,2015,3.2,181.844,Diesel,22664.56321686147,181.844,3200.0,181.844
482,2013,3.5,89.3,Electric,27219.545965462763,89.3,3500.0,89.3
483,2013,2.1,6.63,Diesel,28746.05820498289,6.63,2100.0,6.63
484,2000,4.4,124.474,Petrol,21878.61549050721,124.474,4400.0,124.474
485,2015,1.1,98.869,Electric,19813.58740002017,98.869,1100.0,98.869
487,2014,1.4,145.931,Diesel,22331.88516990167,145.931,1400.0,145.931
488,2011,2.2,152.255,Diesel,23532.912890998254,152.255,2200.0,152.255
489,2015,4.5,171.51,Petrol,30150.571474927743,171.51,4500.0,171.51
490,2013,4.1,97.285,Diesel,27354.622443325887,97.285,4100.0,97.285
492,2014,3.0,173.316,Diesel,25626.932150593664,173.316,3000.0,173.316
496,2001,4.2,64.361,Diesel,29609.06386426452,64.361,4200.0,64.361
497,2009,4.4,132.317,Petrol,25466.33700972334,132.317,4400.0,132.317
498,2002,4.5,172.083,Electric,22298.082614604635,172.083,4500.0,172.083
499,2016,3.8,10.355,Petrol,32107.244413061064,10.355,3800.0,10.355
500,2007,3.3,98.841,Electric,20784.434469100896,98.841,3300.0,98.841
502,2013,1.6,180.076,Petrol,20788.346343616537,180.076,1600.0,180.076
503,2020,1.3,160.786,Electric,22629.29433068185,160.786,1300.0,160.786
505,2000,3.7,66.951,Diesel,19523.472060686192,66.951,3700.0,66.951
506,2003,3.9,132.724,Diesel,19203.73984815596,132.724,3900.0,132.724
510,2006,1.9,123.743,Petrol,19711.245875621524,123.743,1900.0,123.743
511,2019,3.7,147.641,Petrol,28132.042020800465,147.641,3700.0,147.641
512,2014,3.1,99.855,Diesel,24667.236464418227,99.855,3100.0,99.855
513,2012,1.9,26.783,Electric,29634.11708368306,26.783,1900.0,26.783
514,2001,4.4,121.701,Petrol,19941.668233065524,121.701,4400.0,121.701
515,2018,4.1,78.047,Petrol,29748.42741727965,78.047,4100.0,78.047
516,2012,1.4,9.471,Petrol,26525.93371810565,9.471,1400.0,9.471
517,2010,1.1,110.771,Petrol,20987.838049310336,110.771,1100.0,110.771
519,2014,3.1,194.159,Diesel,23906.08500591521,194.159,3100.0,194.159
520,2009,4.3,62.071,Petrol,28430.497446038506,62.071,4300.0,62.071
521,2008,1.8,16.065,Diesel,27902.28787922317,16.065,1800.0,16.065
522,2008,1.3,122.323,Petrol,20494.071224166142,122.323,1300.0,122.323
523,2019,1.9,117.969,Electric,29984.50868072827,117.969,1900.0,117.969
525,2016,1.1,179.42,Electric,21916.94204881119,179.42,1100.0,179.42
526,2011,4.2,19.154,Petrol,28368.67755637264,19.154,4200.0,19.154
527,2009,2.2,105.703,Electric,28398.167386151785,105.703,2200.0,105.703
528,2004,2.4,20.229,Electric,26376.443066942516,20.229,2400.0,20.229
529,2017,1.1,52.587,Petrol,26478.03555555456,52.587,1100.0,52.587
530,2014,1.9,49.713,Petrol,26796.099578734294,49.713,1900.0,49.713
531,2005,3.8,158.069,Diesel,20702.503852725466,158.069,3800.0,158.069
532,2006,3.2,21.101,Petrol,31025.02324620335,21.101,3200.0,21.101
534,2005,2.6,72.723,Electric,22177.2133952293,72.723,2600.0,72.723
536,2011,2.7,166.02,Diesel,23991.209271015832,166.02,2700.0,166.02
537,2020,2.1,100.264,Petrol,29863.897852627248,100.264,2100.0,100.264
538,2013,3.9,184.103,Petrol,25507.5913945012,184.103,3900.0,184.103
539,2011,2.0,37.921,Electric,26436.4611292362,37.921,2000.0,37.921
540,2009,3.3,28.46,Diesel,28077.76510217848,28.46,3300.0,28.46
541,2021,1.5,152.143,Electric,28263.29702295948,152.143,1500.0,152.143
542,2019,3.4,197.19,Electric,28997.038478608956,197.19,3400.0,197.19
543,2014,4.2,179.354,Petrol,26712.54975128324,179.354,4200.0,179.354
544,2006,3.1,91.725,Diesel,25553.431729679814,91.725,3100.0,91.725
545,2008,3.0,58.445,Electric,26549.946328341422,58.445,3000.0,58.445
546,2009,4.4,82.208,Petrol,25449.62845506619,82.208,4400.0,82.208
547,2009,3.2,185.888,Electric,18646.114487980707,185.888,3200.0,185.888
548,2015,1.9,106.283,Electric,27278.21380609888,106.283,1900.0,106.283
549,2006,2.0,85.779,Petrol,24258.46069562238,85.779,2000.0,85.779
550,2004,3.5,3.06,Petrol,29955.25401661924,3.06,3500.0,3.06
551,2002,3.6,125.806,Diesel,21601.804620174065,125.806,3600.0,125.806
553,2010,2.2,77.83,Diesel,24392.22541100154,77.83,2200.0,77.83
554,2014,4.5,115.871,Petrol,30449.230673076603,115.871,4500.0,115.871
555,2020,1.4,20.719,Petrol,30354.68526375977,20.719,1400.0,20.719
556,2019,2.4,178.114,Electric,22280.728733700234,178.114,2400.0,178.114
557,2004,1.2,49.116,Diesel,22673.343944994536,49.116,1200.0,49.116
559,2003,1.3,153.669,Electric,20364.467560833436,153.669,1300.0,153.669
560,2014,3.4,198.511,Electric,23402.50800279199,198.511,3400.0,198.511
561,2008,1.2,14.551,Diesel,22576.83036324354,14.551,1200.0,14.551
562,2006,3.4,93.287,Petrol,23478.768525342373,93.287,3400.0,93.287
563,2009,4.0,24.278,Petrol,30014.31722894964,24.278,4000.0,24.278
564,2012,2.4,15.141,Electric,29339.945613255823,15.141,2400.0,15.141
565,2007,2.8,67.913,Diesel,25646.102513476864,67.913,2800.0,67.913
566,2011,2.4,33.615,Diesel,28345.188584793337,33.615,2400.0,33.615
567,2021,2.1,122.058,Diesel,29151.26451693051,122.058,2100.0,122.058
568,2018,3.8,193.823,Petrol,26303.696095385163,193.823,3800.0,193.823
571,2021,1.7,153.797,Diesel,25383.611522614377,153.797,1700.0,153.797
572,2016,1.9,50.391,Electric,29380.983727641866,50.391,1900.0,50.391
573,2017,2.2,120.288,Electric,25162.63558884495,120.288,2200.0,120.288
574,2010,3.1,113.535,Diesel,24970.301448952778,113.535,3100.0,113.535
575,2017,2.6,142.77,Diesel,26673.984375057767,142.77,2600.0,142.77
576,2006,3.6,86.711,Petrol,24544.365596538628,86.711,3600.0,86.711
577,2017,1.7,77.85,Diesel,28359.241204460563,77.85,1700.0,77.85
578,2007,1.0,109.733,Electric,19153.59986492969,109.733,1000.0,109.733
579,2005,3.7,2.365,Petrol,29095.0676646302,2.365,3700.0,2.365
580,2006,3.9,97.662,Electric,19071.482401886,97.662,3900.0,97.662
581,2021,1.2,43.372,Electric,27443.625430348955,43.372,1200.0,43.372
582,2009,3.1,44.134,Petrol,25210.9683686807,44.134,3100.0,44.134
583,2010,2.3,37.823,Electric,27141.514435799338,37.823,2300.0,37.823
584,2012,3.8,71.158,Diesel,31585.430466593,71.158,3800.0,71.158
585,2008,4.1,96.076,Electric,26159.369790567744,96.076,4100.0,96.076
586,2006,4.0,133.021,Petrol,25045.546358609736,133.021,4000.0,133.021
587,2008,3.7,49.396,Petrol,29226.70531265174,49.396,3700.0,49.396
588,2012,1.9,108.336,Petrol,23662.98684694064,108.336,1900.0,108.336
589,2002,3.8,31.912,Electric,27152.35340166336,31.912,3800.0,31.912
590,2002,2.9,56.947,Diesel,23444.53743766368,56.947,2900.0,56.947
591,2000,1.2,44.387,Petrol,18896.089006414448,44.387,1200.0,44.387
592,2020,2.6,195.037,Diesel,25230.31069933307,195.037,2600.0,195.037
594,2001,4.1,45.592,Diesel,26365.897946951394,45.592,4100.0,45.592
596,2014,3.6,1.919,Diesel,31349.14883766104,1.919,3600.0,1.919
597,2005,3.8,42.595,Petrol,29802.00029852922,42.595,3800.0,42.595
598,2012,1.9,140.689,Electric,18951.45293800211,140.689,1900.0,140.689
599,2020,2.7,33.298,Electric,29322.973838803795,33.298,2700.0,33.298
600,2000,3.5,138.001,Electric,19842.87137663502,138.001,3500.0,138.001
601,2019,2.5,14.456,Diesel,31015.679617770555,14.456,2500.0,14.456
602,2018,1.4,109.599,Petrol,27498.248005694888,109.599,1400.0,109.599
603,2000,3.5,86.676,Diesel,18298.788749268035,86.676,3500.0,86.676
606,2001,3.7,24.24,Petrol,25924.031928215813,24.24,3700.0,24.24
607,2014,2.3,87.381,Petrol,22031.806714839386,87.381,2300.0,87.381
608,2013,1.6,9.228,Petrol,24791.99375936146,9.228,1600.0,9.228
610,2010,2.1,11.92,Electric,27138.415999229102,11.92,2100.0,11.92
613,2019,2.5,110.507,Petrol,27664.28873549533,110.507,2500.0,110.507
615,2004,4.3,71.725,Electric,27658.61462354524,71.725,4300.0,71.725
616,2019,1.5,164.982,Electric,21952.607630482187,164.982,1500.0,164.982
619,2017,3.9,59.099,Electric,29264.227872099305,59.099,3900.0,59.099
620,2018,1.7,112.557,Petrol,28716.42565633024,112.557,1700.0,112.557
621,2008,1.8,86.76,Diesel,23852.975389909778,86.76,1800.0,86.76
623,2005,3.5,21.446,Petrol,26994.678763801265,21.446,3500.0,21.446
624,2013,1.2,105.209,Electric,19163.70510806841,105.209,1200.0,105.209
625,2012,2.2,193.581,Electric,23925.03951167561,193.581,2200.0,193.581
626,2010,2.0,102.261,Petrol,23731.53326252679,102.261,2000.0,102.261
627,2011,2.9,95.739,Electric,25786.62840015399,95.739,2900.0,95.739
629,2018,2.9,161.738,Electric,21623.98749412477,161.738,2900.0,161.738
630,2020,4.3,168.461,Diesel,31460.067464553445,168.461,4300.0,168.461
631,2018,4.3,178.772,Diesel,25545.99298619549,178.772,4300.0,178.772
632,2012,2.3,130.878,Electric,24149.23832572451,130.878,2300.0,130.878
633,2013,3.7,99.143,Petrol,29484.517922247127,99.143,3700.0,99.143
635,2011,4.1,74.779,Electric,29900.99708066377,74.779,4100.0,74.779
636,2003,2.6,140.668,Diesel,21358.839503796597,140.668,2600.0,140.668
637,2009,2.9,57.5,Diesel,24840.169176334057,57.5,2900.0,57.5
638,2016,2.5,72.534,Diesel,28702.305180087013,72.534,2500.0,72.534
639,2003,4.0,10.129,Electric,27543.33919064033,10.129,4000.0,10.129
641,2012,1.8,197.118,Petrol,19316.766659734018,197.118,1800.0,197.118
642,2003,2.3,11.596,Electric,27022.70119304937,11.596,2300.0,11.596
643,2009,1.8,65.355,Electric,26584.91831735439,65.355,1800.0,65.355
644,2002,3.0,12.974,Diesel,29066.254418591463,12.974,3000.0,12.974
646,2001,2.1,112.004,Diesel,21357.055395762483,112.004,2100.0,112.004
647,2016,4.2,126.794,Diesel,29429.97952872076,126.794,4200.0,126.794
648,2005,2.4,70.202,Diesel,25991.02501473992,70.202,2400.0,70.202
649,2007,3.6,74.442,Petrol,25188.33518160915,74.442,3600.0,74.442
651,2017,1.9,174.318,Petrol,20153.554847546213,174.318,1900.0,174.318
653,2000,3.7,133.726,Diesel,20742.6521410635,133.726,3700.0,133.726
654,2015,2.4,33.758,Diesel,27378.08087553935,33.758,2400.0,33.758
655,2006,4.3,24.204,Petrol,25061.526465974,24.204,4300.0,24.204
656,2002,4.2,127.309,Diesel,22865.04046864679,127.309,4200.0,127.309
657,2003,4.4,166.0,Petrol,22058.340733889465,166.0,4400.0,166.0
659,2004,1.7,30.552,Electric,20496.74317325808,30.552,1700.0,30.552
660,2018,3.2,141.408,Petrol,28641.33635829249,141.408,3200.0,141.408
663,2005,3.8,34.831,Diesel,25599.17213455413,34.831,3800.0,34.831
664,2017,1.1,43.563,Diesel,28119.56692750116,43.563,1100.0,43.563
666,2014,2.2,41.335,Diesel,27604.669808215174,41.335,2200.0,41.335
667,2006,3.6,74.469,Petrol,29526.732166983908,74.469,3600.0,74.469
668,2009,2.1,25.816,Diesel,28212.57024428336,25.816,2100.0,25.816
669,2005,3.9,146.691,Diesel,21202.90858793667,146.691,3900.0,146.691
670,2013,3.1,92.479,Petrol,23891.08405544359,92.479,3100.0,92.479
672,2008,4.5,142.813,Electric,27243.212472430143,142.813,4500.0,142.813
673,2018,3.4,122.33,Diesel,28077.994260076463,122.33,3400.0,122.33
674,2004,4.4,8.798,Petrol,30061.25091522509,8.798,4400.0,8.798
676,2018,2.2,49.695,Electric,30956.447762217937,49.695,2200.0,49.695
677,2019,1.4,163.819,Diesel,21059.150937736635,163.819,1400.0,163.819
679,2001,3.9,152.254,Electric,21309.027465521045,152.254,3900.0,152.254
680,2015,1.1,9.415,Diesel,30104.4796870192,9.415,1100.0,9.415
681,2012,2.8,142.157,Diesel,22510.56594875679,142.157,2800.0,142.157
682,2007,3.0,146.08,Diesel,19697.757848077952,146.08,3000.0,146.08
683,2005,3.0,87.638,Diesel,25413.232904289394,87.638,3000.0,87.638
684,2005,2.7,18.452,Electric,24546.87496136964,18.452,2700.0,18.452
685,2008,3.8,195.147,Petrol,20953.472511971533,195.147,3800.0,195.147
688,2004,3.2,110.205,Electric,22273.978534157337,110.205,3200.0,110.205
691,2006,4.1,22.099,Petrol,29411.51173930657,22.099,4100.0,22.099
692,2014,2.5,140.721,Diesel,28235.324818826743,140.721,2500.0,140.721
693,2014,2.4,129.394,Electric,26653.65646264646,129.394,2400.0,129.394
694,2013,1.1,59.258,Petrol,24814.7180009096,59.258,1100.0,59.258
695,2012,2.9,172.109,Electric,22455.02816769908,172.109,2900.0,172.109
697,2012,1.4,43.147,Petrol,27368.825572010493,43.147,1400.0,43.147
698,2021,2.1,74.28,Diesel,27527.994279011105,74.28,2100.0,74.28
699,2008,3.7,177.125,Diesel,23441.646445614195,177.125,3700.0,177.125
700,2009,2.3,106.777,Diesel,25246.752164119887,106.777,2300.0,106.777
701,2003,1.8,97.841,Electric,22443.38415155157,97.841,1800.0,97.841
702,2016,3.4,124.726,Diesel,26760.716636785022,124.726,3400.0,124.726
703,2013,1.7,128.359,Diesel,21533.149009062065,128.359,1700.0,128.359
704,2017,4.1,76.215,Petrol,30005.61995710534,76.215,4100.0,76.215
705,2010,1.4,112.909,Diesel,21770.804928672267,112.909,1400.0,112.909
706,2015,3.5,95.365,Diesel,30197.4851649114,95.365,3500.0,95.365
707,2000,2.7,10.985,Diesel,22824.09162664499,10.985,2700.0,10.985
708,2006,4.0,12.391,Diesel,29096.81940466168,12.391,4000.0,12.391
709,2009,1.4,4.861,Petrol,21949.514408761872,4.861,1400.0,4.861
710,2008,3.4,194.654,Diesel,23086.1981008053,194.654,3400.0,194.654
713,2013,2.7,82.399,Diesel,27256.55966674469,82.399,2700.0,82.399
714,2014,3.5,42.923,Diesel,30945.465937063196,42.923,3500.0,42.923
715,2001,4.3,138.991,Diesel,21288.04375667938,138.991,4300.0,138.991
717,2015,1.1,85.818,Diesel,23752.96959161101,85.818,1100.0,85.818
718,2006,3.8,178.468,Diesel,22614.501304504334,178.468,3800.0,178.468
720,2017,4.5,173.327,Petrol,26991.84812285012,173.327,4500.0,173.327
721,2004,3.2,71.16,Petrol,20721.16093904617,71.16,3200.0,71.16
722,2005,3.3,128.165,Electric,20134.402297405908,128.165,3300.0,128.165
723,2006,1.7,139.248,Petrol,22142.99418970576,139.248,1700.0,139.248
724,2014,1.8,33.529,Diesel,26485.26102002555,33.529,1800.0,33.529
726,2003,4.2,144.013,Electric,24531.174724039647,144.013,4200.0,144.013
727,2000,4.4,1.669,Petrol,26662.757989325783,1.669,4400.0,1.669
728,2010,1.7,117.373,Petrol,21200.279220704644,117.373,1700.0,117.373
729,2017,1.5,44.859,Petrol,29846.04658151262,44.859,1500.0,44.859
730,2013,1.2,55.786,Electric,28534.31373505901,55.786,1200.0,55.786
731,2021,4.0,182.155,Diesel,27101.146270610043,182.155,4000.0,182.155
732,2010,2.0,171.148,Electric,22226.790488242365,171.148,2000.0,171.148
733,2009,1.0,20.323,Diesel,23920.792580271354,20.323,1000.0,20.323
734,2016,1.8,6.021,Electric,28527.09258907013,6.021,1800.0,6.021
735,2003,2.2,39.807,Diesel,23408.76286061512,39.807,2200.0,39.807
736,2014,4.5,128.305,Petrol,26269.613884462808,128.305,4500.0,128.305
737,2015,2.8,50.355,Petrol,30526.27286292576,50.355,2800.0,50.355
739,2012,2.2,175.804,Electric,22821.001630507388,175.804,2200.0,175.804
740,2008,2.2,8.711,Electric,26754.65072441976,8.711,2200.0,8.711
741,2010,1.1,194.151,Electric,18596.853815348863,194.151,1100.0,194.151
742,2010,1.5,7.904,Petrol,24741.756542765477,7.904,1500.0,7.904
743,2005,3.4,64.033,Diesel,23571.00072799566,64.033,3400.0,64.033
745,2021,1.8,120.035,Petrol,27273.812399699676,120.035,1800.0,120.035
747,2012,3.7,3.093,Diesel,31632.395015779137,3.093,3700.0,3.093
749,2021,3.4,193.708,Diesel,29698.544695677265,193.708,3400.0,193.708
751,2014,3.4,140.466,Electric,23004.602918828856,140.466,3400.0,140.466
752,2017,1.0,124.501,Petrol,23626.367885209133,124.501,1000.0,124.501
754,2013,1.4,93.708,Electric,24717.78602808103,93.708,1400.0,93.708
755,2014,2.4,97.819,Electric,26514.403786845945,97.819,2400.0,97.819
756,2004,3.7,144.352,Petrol,20605.18393999694,144.352,3700.0,144.352
757,2003,2.5,36.303,Petrol,25037.059858589662,36.303,2500.0,36.303
758,2001,4.3,27.453,Petrol,28381.128439633416,27.453,4300.0,27.453
759,2006,2.6,108.886,Electric,21241.078267630648,108.886,2600.0,108.886
760,2009,4.1,60.695,Electric,26768.00097962714,60.695,4100.0,60.695
761,2015,3.8,199.521,Electric,22239.70580929438,199.521,3800.0,199.521
762,2009,4.4,156.837,Diesel,26215.61855609533,156.837,4400.0,156.837
763,2017,4.2,133.412,Diesel,26140.85335780489,133.412,4200.0,133.412
765,2020,3.6,131.669,Electric,28704.298613010797,131.669,3600.0,131.669
766,2012,2.3,189.06,Petrol,20766.06386060848,189.06,2300.0,189.06
767,2000,1.4,94.655,Electric,18470.670115954184,94.655,1400.0,94.655
768,2000,3.4,15.025,Petrol,23681.37856994183,15.025,3400.0,15.025
770,2000,3.5,101.206,Electric,21203.640003891152,101.206,3500.0,101.206
771,2005,4.3,186.869,Diesel,19049.108361568786,186.869,4300.0,186.869
772,2012,3.8,41.723,Electric,28378.56647333485,41.723,3800.0,41.723
774,2004,1.9,135.902,Electric,20423.192572180425,135.902,1900.0,135.902
775,2008,2.2,155.002,Diesel,20445.74969343067,155.002,2200.0,155.002
776,2016,1.6,154.824,Electric,20872.465882247303,154.824,1600.0,154.824
777,2015,3.0,108.138,Petrol,28838.61891246819,108.138,3000.0,108.138
778,2007,4.4,62.04,Electric,26722.489506334237,62.04,4400.0,62.04
779,2016,3.7,108.668,Diesel,25065.775596685184,108.668,3700.0,108.668
780,2014,2.5,198.768,Petrol,22455.217982320704,198.768,2500.0,198.768
782,2011,2.1,55.03,Electric,27064.579343038036,55.03,2100.0,55.03
783,2004,2.8,56.815,Diesel,19984.57609712983,56.815,2800.0,56.815
784,2005,2.1,112.789,Electric,20013.43919955849,112.789,2100.0,112.789
786,2000,2.5,57.923,Diesel,21860.274325287784,57.923,2500.0,57.923
788,2009,4.2,185.102,Electric,21977.94549981292,185.102,4200.0,185.102
790,2016,1.2,160.275,Diesel,21829.79156488277,160.275,1200.0,160.275
791,2018,1.0,77.088,Petrol,23379.808161454923,77.088,1000.0,77.088
792,2010,2.1,5.608,Electric,28794.44897144587,5.608,2100.0,5.608
793,2017,3.3,45.667,Electric,30315.555621993903,45.667,3300.0,45.667
795,2008,2.6,153.557,Petrol,22109.666286198262,153.557,2600.0,153.557
796,2016,3.4,140.934,Electric,27741.3800384248,140.934,3400.0,140.934
797,2013,2.3,128.391,Petrol,26386.3340955414,128.391,2300.0,128.391
798,2003,3.3,75.948,Petrol,19122.362985660187,75.948,3300.0,75.948
799,2016,1.1,71.88,Petrol,24296.900920327236,71.88,1100.0,71.88
800,2016,2.4,57.56,Electric,29185.18592112373,57.56,2400.0,57.56
801,2011,3.8,115.063,Petrol,27490.26178607263,115.063,3800.0,115.063
802,2019,3.8,94.218,Diesel,28463.332124521134,94.218,3800.0,94.218
803,2017,3.5,114.462,Diesel,29639.81991545443,114.462,3500.0,114.462
806,2017,4.5,150.395,Diesel,27478.88802589669,150.395,4500.0,150.395
808,2016,1.6,17.997,Diesel,25673.5538552674,17.997,1600.0,17.997
809,2017,1.5,121.266,Petrol,25710.80367921752,121.266,1500.0,121.266
811,2013,1.7,3.679,Diesel,28208.33184570986,3.679,1700.0,3.679
812,2009,2.7,40.308,Electric,23614.2049800315,40.308,2700.0,40.308
813,2014,2.7,170.914,Diesel,19744.4023531317,170.914,2700.0,170.914
816,2010,2.1,5.695,Petrol,27247.73278901873,5.695,2100.0,5.695
818,2005,3.1,23.382,Electric,25984.857565168146,23.382,3100.0,23.382
820,2015,3.9,193.295,Petrol,24035.944448670376,193.295,3900.0,193.295
822,2000,3.9,158.539,Petrol,21459.78977497134,158.539,3900.0,158.539
823,2008,2.7,190.388,Diesel,19724.467424347014,190.388,2700.0,190.388
824,2021,1.5,112.468,Diesel,27149.783034796783,112.468,1500.0,112.468
826,2016,3.3,113.831,Electric,30764.35380450617,113.831,3300.0,113.831
827,2014,1.6,61.836,Petrol,27060.70552017444,61.836,1600.0,61.836
828,2018,1.1,31.923,Diesel,31648.72781951309,31.923,1100.0,31.923
829,2021,1.5,95.711,Petrol,26876.28029602585,95.711,1500.0,95.711
830,2009,3.1,16.292,Electric,26214.261960597112,16.292,3100.0,16.292
831,2011,1.6,124.913,Electric,20116.23103206856,124.913,1600.0,124.913
832,2013,1.8,132.686,Diesel,21340.10613849594,132.686,1800.0,132.686
833,2008,1.1,20.939,Petrol,27362.10585547259,20.939,1100.0,20.939
835,2002,3.8,56.44,Petrol,23503.08695136477,56.44,3800.0,56.44
836,2020,3.8,154.318,Electric,30500.922353865397,154.318,3800.0,154.318
837,2013,1.4,127.521,Diesel,21664.78777781604,127.521,1400.0,127.521
838,2020,4.2,183.877,Diesel,31475.253384153933,183.877,4200.0,183.877
839,2009,3.4,121.327,Petrol,23566.24751062191,121.327,3400.0,121.327
840,2015,4.1,49.648,Diesel,29139.821485842825,49.648,4100.0,49.648
841,2006,2.6,115.192,Electric,21066.897866998635,115.192,2600.0,115.192
843,2019,3.7,162.76,Electric,25075.546704103363,162.76,3700.0,162.76
844,2010,1.3,93.498,Electric,23096.923514556613,93.498,1300.0,93.498
847,2003,3.9,169.573,Electric,21766.770785844343,169.573,3900.0,169.573
850,2016,1.7,134.288,Petrol,23426.05555120308,134.288,1700.0,134.288
851,2012,1.1,153.144,Diesel,19493.37826986215,153.144,1100.0,153.144
852,2010,2.7,93.778,Petrol,25657.26534399011,93.778,2700.0,93.778
854,2008,1.8,124.288,Diesel,22972.200218212456,124.288,1800.0,124.288
856,2021,3.1,110.573,Diesel,31842.51555267945,110.573,3100.0,110.573
857,2020,3.7,120.73,Diesel,28803.36809414977,120.73,3700.0,120.73
858,2010,4.5,148.933,Electric,23323.802277925504,148.933,4500.0,148.933
861,2004,3.2,18.781,Diesel,26759.560482450885,18.781,3200.0,18.781
863,2016,3.2,153.65,Electric,25463.89606179028,153.65,3200.0,153.65
864,2002,4.0,106.034,Diesel,25038.454126059263,106.034,4000.0,106.034
865,2003,4.3,17.883,Electric,27662.73339241233,17.883,4300.0,17.883
866,2015,4.3,29.782,Petrol,31056.06400243794,29.782,4300.0,29.782
867,2015,2.3,56.387,Electric,29028.99508221764,56.387,2300.0,56.387
868,2020,1.3,148.051,Diesel,24594.04206742891,148.051,1300.0,148.051
869,2003,1.6,33.746,Diesel,27388.65248761482,33.746,1600.0,33.746
870,2018,1.2,66.266,Petrol,25196.48226777396,66.266,1200.0,66.266
871,2016,1.4,0.056,Diesel,29293.5057893413,0.056,1400.0,0.056
872,2012,1.6,31.457,Electric,25165.41875963256,31.457,1600.0,31.457
873,2021,2.2,133.315,Electric,26949.280836856407,133.315,2200.0,133.315
875,2011,3.5,132.773,Electric,23116.750355878983,132.773,3500.0,132.773
877,2010,3.4,181.51,Electric,21296.212255821072,181.51,3400.0,181.51
878,2004,3.5,73.839,Petrol,26999.01593576784,73.839,3500.0,73.839
879,2001,3.0,80.636,Electric,20171.0857534227,80.636,3000.0,80.636
881,2007,1.4,66.483,Electric,22527.59801275029,66.483,1400.0,66.483
882,2005,1.6,20.505,Electric,26217.4168791702,20.505,1600.0,20.505
883,2020,2.5,137.625,Petrol,27349.656931245736,137.625,2500.0,137.625
884,2008,1.4,33.525,Diesel,22562.441200288053,33.525,1400.0,33.525
885,2012,3.0,96.008,Diesel,25672.558159681736,96.008,3000.0,96.008
886,2010,2.4,44.348,Diesel,23809.063578324625,44.348,2400.0,44.348
887,2015,2.0,7.273,Petrol,29913.282767612985,7.273,2000.0,7.273
888,2015,1.6,64.236,Diesel,26832.38575226366,64.236,1600.0,64.236
890,2009,3.1,149.749,Petrol,24872.86445027373,149.749,3100.0,149.749
891,2011,3.0,107.157,Diesel,24843.882337874187,107.157,3000.0,107.157
892,2007,1.6,0.908,Diesel,21866.61281431557,0.908,1600.0,0.908
893,2010,1.4,108.352,Diesel,28470.530021919563,108.352,1400.0,108.352
894,2009,1.1,95.967,Petrol,19520.432917033355,95.967,1100.0,95.967
895,2012,1.0,88.989,Petrol,24488.04021758249,88.989,1000.0,88.989
896,2016,4.1,35.079,Diesel,30437.55665791036,35.079,4100.0,35.079
897,2006,1.2,111.889,Diesel,19295.97434693671,111.889,1200.0,111.889
898,2002,3.6,49.323,Petrol,23144.758383857265,49.323,3600.0,49.323
899,2019,4.1,176.392,Diesel,22235.130083510947,176.392,4100.0,176.392
900,2012,1.3,89.909,Petrol,22538.930009914908,89.909,1300.0,89.909
901,2018,2.5,46.105,Diesel,30594.619283539007,46.105,2500.0,46.105
902,2006,4.4,161.236,Petrol,22300.428152687666,161.236,4400.0,161.236
903,2008,3.9,132.957,Electric,24638.376696567437,132.957,3900.0,132.957
904,2018,2.7,188.891,Electric,23416.4338265483,188.891,2700.0,188.891
907,2007,2.2,43.271,Diesel,24666.09382245913,43.271,2200.0,43.271
909,2017,2.6,197.423,Petrol,21041.542979408783,197.423,2600.0,197.423
910,2001,2.8,36.534,Diesel,24462.19120800823,36.534,2800.0,36.534
911,2017,4.5,93.034,Diesel,31282.30530540028,93.034,4500.0,93.034
912,2017,4.0,58.097,Petrol,31867.498548904205,58.097,4000.0,58.097
913,2010,2.3,184.885,Diesel,20380.33862100852,184.885,2300.0,184.885
914,2000,1.0,25.037,Petrol,20172.066054003128,25.037,1000.0,25.037
915,2013,3.2,167.079,Diesel,22149.60935755684,167.079,3200.0,167.079
917,2010,3.3,139.344,Diesel,21254.35203017524,139.344,3300.0,139.344
919,2006,4.0,99.173,Electric,26378.05793568692,99.173,4000.0,99.173
921,2013,1.2,73.277,Electric,23081.34561554113,73.277,1200.0,73.277
922,2014,2.7,193.581,Diesel,22546.59274546629,193.581,2700.0,193.581
923,2013,3.4,4.694,Petrol,29680.57288346329,4.694,3400.0,4.694
924,2020,3.1,58.15,Diesel,30434.52936782139,58.15,3100.0,58.15
925,2010,2.9,67.47,Electric,28690.896383441363,67.47,2900.0,67.47
926,2015,2.6,21.556,Diesel,31353.726061514277,21.556,2600.0,21.556
927,2018,2.0,195.543,Electric,24549.309510281557,195.543,2000.0,195.543
928,2016,2.0,180.927,Electric,24126.267508872705,180.927,2000.0,180.927
929,2005,2.8,49.086,Petrol,20466.60061376525,49.086,2800.0,49.086
931,2016,2.2,179.559,Electric,22971.00160315562,179.559,2200.0,179.559
933,2017,3.1,151.365,Diesel,24023.13991479184,151.365,3100.0,151.365
934,2016,1.2,176.833,Electric,23412.28480882082,176.833,1200.0,176.833
935,2011,3.9,99.468,Diesel,26243.46824677823,99.468,3900.0,99.468
937,2021,3.3,171.822,Petrol,27452.563459695324,171.822,3300.0,171.822
938,2004,3.5,68.602,Petrol,23210.02749141077,68.602,3500.0,68.602
940,2003,2.6,136.666,Diesel,19333.304213128755,136.666,2600.0,136.666
941,2003,4.3,2.46,Diesel,31886.211078137727,2.46,4300.0,2.46
942,2002,3.7,72.356,Diesel,22479.14504046849,72.356,3700.0,72.356
944,2006,3.6,101.746,Electric,21073.122393296017,101.746,3600.0,101.746
945,2003,1.6,16.191,Petrol,21546.099617499905,16.191,1600.0,16.191
946,2012,1.2,84.631,Petrol,23850.21331892312,84.631,1200.0,84.631
947,2011,3.0,10.529,Electric,31460.981640799622,10.529,3000.0,10.529
948,2000,2.3,32.175,Petrol,23103.147499916373,32.175,2300.0,32.175
949,2020,2.0,17.675,Diesel,28053.147378505528,17.675,2000.0,17.675
950,2018,3.8,174.23,Diesel,25974.630321730518,174.23,3800.0,174.23
951,2020,2.3,46.798,Electric,29325.53777941075,46.798,2300.0,46.798
952,2019,2.1,70.91,Diesel,28536.443448365917,70.91,2100.0,70.91
953,2017,4.0,130.4,Electric,28757.617129025308,130.4,4000.0,130.4
954,2010,4.0,157.048,Diesel,26280.303782390474,157.048,4000.0,157.048
955,2019,2.2,194.188,Electric,23781.07407338705,194.188,2200.0,194.188
956,2002,3.9,78.678,Diesel,26701.763945774168,78.678,3900.0,78.678
957,2016,4.0,62.821,Diesel,30459.92937114564,62.821,4000.0,62.821
958,2011,2.5,12.204,Petrol,26055.64688415636,12.204,2500.0,12.204
959,2009,1.2,186.737,Petrol,19473.63528164093,186.737,1200.0,186.737
960,2007,1.0,7.394,Petrol,24997.210475801265,7.394,1000.0,7.394
961,2014,2.8,64.814,Petrol,26872.756465282208,64.814,2800.0,64.814
962,2004,2.2,33.593,Petrol,24595.995757020573,33.593,2200.0,33.593
963,2003,4.5,173.036,Petrol,22518.719134398863,173.036,4500.0,173.036
964,2020,3.7,115.064,Electric,30885.181626015183,115.064,3700.0,115.064
965,2019,3.7,53.365,Electric,31773.677143946923,53.365,3700.0,53.365
966,2018,4.3,131.515,Petrol,29141.724390288648,131.515,4300.0,131.515
967,2020,4.1,159.252,Electric,29818.642995699603,159.252,4100.0,159.252
969,2014,1.6,174.737,Electric,22887.67011557083,174.737,1600.0,174.737
970,2016,3.6,103.7,Diesel,28463.17957519594,103.7,3600.0,103.7
971,2011,2.3,97.077,Electric,22318.62880324897,97.077,2300.0,97.077
972,2002,2.7,134.537,Electric,23827.258659140065,134.537,2700.0,134.537
973,2009,3.2,68.247,Electric,26836.626398975477,68.247,3200.0,68.247
974,2014,4.2,182.631,Diesel,26936.975515779075,182.631,4200.0,182.631
975,2009,2.5,156.27,Petrol,21730.19674405176,156.27,2500.0,156.27
979,2020,1.0,27.898,Petrol,27478.65751840436,27.898,1000.0,27.898
980,2011,4.1,132.991,Electric,26708.68842683459,132.991,4100.0,132.991
982,2002,3.5,62.613,Petrol,24012.58678542056,62.613,3500.0,62.613
983,2002,1.2,96.707,Petrol,18887.111021728648,96.707,1200.0,96.707
984,2004,1.9,111.777,Electric,20877.707234206868,111.777,1900.0,111.777
985,2018,2.7,47.003,Electric,32246.16049492941,47.003,2700.0,47.003
986,2000,2.5,48.478,Electric,23492.883903234226,48.478,2500.0,48.478
987,2003,1.7,145.506,Electric,19835.92276648376,145.506,1700.0,145.506
988,2003,2.2,177.318,Diesel,18226.33587081837,177.318,2200.0,177.318
989,2016,3.5,167.721,Diesel,26007.61279780386,167.721,3500.0,167.721
990,2013,3.3,59.03,Electric,28879.26029045449,59.03,3300.0,59.03
991,2017,1.3,184.133,Petrol,21122.62574910538,184.133,1300.0,184.133
992,2000,3.6,133.071,Electric,18995.45369665056,133.071,3600.0,133.071
993,2021,1.2,145.921,Petrol,26839.11146449125,145.921,1200.0,145.921
994,2015,2.9,52.8,Petrol,30804.200416601976,52.8,2900.0,52.8
995,2002,1.9,5.445,Petrol,22765.597091106545,5.445,1900.0,5.445
996,2020,3.1,149.112,Diesel,30392.575567224198,149.112,3100.0,149.112
998,2003,4.4,0.246,Petrol,27396.156707853446,0.246,4400.0,0.246
999,2020,2.1,31.153,Diesel,31620.864906698407,31.153,2100.0,31.153
